student_id,timestamp
S001,2025-01-03 16:36:00
S001,2025-02-25 16:58:00
S001,2025-01-02 01:27:00
S001,2025-02-23 22:36:00
S001,2025-04-06 00:00:00
S001,2025-01-19 01:52:00
S001,2025-02-13 05:31:00
S001,2025-03-09 22:10:00
S001,2025-02-25 16:37:00
S001,2025-01-24 04:51:00
S001,2025-04-08 05:21:00
S002,2025-01-16 00:08:00
S002,2025-02-28 05:15:00
S002,2025-04-03 02:19:00
S002,2025-02-28 03:18:00
S002,2025-03-31 02:18:00
S002,2025-01-20 06:51:00
S002,2025-02-02 07:38:00
S002,2025-03-23 07:00:00
S002,2025-01-11 17:22:00
S002,2025-01-31 09:34:00
S002,2025-01-07 15:25:00
S002,2025-03-01 16:01:00
S002,2025-01-01 15:11:00
S002,2025-03-10 04:31:00
S002,2025-01-09 08:34:00
S002,2025-01-19 15:15:00
S002,2025-01-03 19:23:00
S002,2025-02-23 23:32:00
S002,2025-01-24 19:10:00
S002,2025-03-13 03:37:00
S003,2025-03-25 02:47:00
S003,2025-03-30 02:24:00
S003,2025-04-03 17:45:00
S003,2025-03-23 01:53:00
S003,2025-02-04 15:40:00
S003,2025-04-10 00:03:00
S003,2025-02-02 13:20:00
S003,2025-02-17 19:55:00
S003,2025-01-08 06:02:00
S003,2025-01-17 00:47:00
S003,2025-03-17 18:21:00
S003,2025-01-22 13:29:00
S003,2025-02-07 05:44:00
S003,2025-02-20 21:07:00
S003,2025-01-27 01:20:00
S003,2025-01-30 00:27:00
S003,2025-03-05 00:04:00
S004,2025-03-02 15:18:00
S004,2025-01-04 02:48:00
S004,2025-01-17 11:27:00
S004,2025-01-30 13:52:00
S004,2025-01-06 02:59:00
S004,2025-02-06 23:28:00
S004,2025-02-15 20:30:00
S004,2025-04-09 00:51:00
S004,2025-03-04 20:31:00
S004,2025-03-28 00:02:00
S004,2025-01-18 09:30:00
S004,2025-02-23 02:39:00
S004,2025-02-15 23:49:00
S004,2025-02-01 14:21:00
S004,2025-01-23 01:26:00
S004,2025-01-02 16:39:00
S004,2025-02-02 08:42:00
S004,2025-02-17 06:28:00
S004,2025-02-11 22:25:00
S004,2025-04-09 17:24:00
S004,2025-01-24 12:59:00
S004,2025-01-07 03:44:00
S004,2025-01-20 00:07:00
S004,2025-01-16 13:11:00
S004,2025-03-28 14:27:00
S004,2025-04-08 01:31:00
S004,2025-03-28 21:50:00
S004,2025-01-25 21:57:00
S004,2025-02-27 21:48:00
S004,2025-02-21 09:05:00
S004,2025-01-15 21:42:00
S004,2025-03-01 04:32:00
S004,2025-01-08 20:59:00
S004,2025-01-05 06:03:00
S004,2025-01-06 12:31:00
S004,2025-04-04 14:34:00
S004,2025-02-24 07:51:00
S005,2025-01-13 17:59:00
S005,2025-01-30 18:16:00
S005,2025-03-04 18:27:00
S005,2025-02-27 22:25:00
S005,2025-03-31 20:22:00
S005,2025-01-09 11:52:00
S005,2025-01-01 00:46:00
S005,2025-02-03 21:47:00
S005,2025-03-30 07:44:00
S005,2025-01-01 15:38:00
S005,2025-03-05 04:21:00
S005,2025-04-03 22:02:00
S005,2025-03-17 15:50:00
S005,2025-03-27 13:27:00
S005,2025-03-10 14:48:00
S005,2025-04-04 13:51:00
S005,2025-03-10 11:15:00
S005,2025-03-31 15:20:00
S005,2025-02-08 03:32:00
S005,2025-04-04 04:22:00
S005,2025-01-10 21:04:00
S005,2025-04-10 01:51:00
S005,2025-04-05 09:57:00
S005,2025-01-19 00:55:00
S005,2025-03-10 12:03:00
S006,2025-01-24 15:54:00
S006,2025-01-02 16:27:00
S006,2025-02-01 19:23:00
S006,2025-01-12 17:34:00
S006,2025-02-02 00:50:00
S006,2025-02-12 04:11:00
S006,2025-03-08 00:32:00
S006,2025-02-09 09:42:00
S006,2025-02-13 12:11:00
S006,2025-04-05 13:01:00
S006,2025-02-04 22:16:00
S006,2025-03-31 07:28:00
S006,2025-01-26 09:25:00
S006,2025-02-03 18:40:00
S006,2025-01-07 03:57:00
S006,2025-03-16 23:35:00
S006,2025-03-30 20:56:00
S006,2025-02-05 09:36:00
S006,2025-03-14 23:34:00
S006,2025-02-18 02:47:00
S006,2025-02-05 17:48:00
S006,2025-04-06 23:22:00
S006,2025-03-03 04:11:00
S006,2025-02-24 12:22:00
S006,2025-03-30 02:40:00
S007,2025-01-17 16:19:00
S007,2025-03-30 21:12:00
S007,2025-02-28 18:48:00
S007,2025-04-10 11:40:00
S007,2025-01-19 11:08:00
S007,2025-03-12 13:30:00
S007,2025-02-21 18:57:00
S007,2025-01-16 20:04:00
S007,2025-04-09 11:24:00
S007,2025-02-21 20:35:00
S007,2025-02-22 22:15:00
S007,2025-02-26 06:44:00
S007,2025-02-22 09:57:00
S007,2025-02-08 13:30:00
S007,2025-01-05 02:22:00
S007,2025-04-03 10:10:00
S007,2025-01-18 14:11:00
S007,2025-01-09 09:57:00
S007,2025-01-17 05:06:00
S007,2025-02-15 12:39:00
S007,2025-02-11 08:49:00
S007,2025-01-27 01:04:00
S007,2025-01-29 04:37:00
S007,2025-03-24 07:47:00
S007,2025-03-06 21:51:00
S007,2025-01-17 06:24:00
S007,2025-02-14 03:35:00
S007,2025-03-11 18:43:00
S007,2025-02-23 06:26:00
S007,2025-03-15 18:38:00
S007,2025-03-08 12:12:00
S007,2025-04-02 19:27:00
S007,2025-03-13 08:38:00
S007,2025-01-01 02:12:00
S007,2025-04-02 16:24:00
S007,2025-02-25 00:37:00
S007,2025-01-06 11:44:00
S007,2025-02-01 12:46:00
S007,2025-01-21 15:53:00
S008,2025-03-16 04:35:00
S008,2025-04-09 18:19:00
S008,2025-02-26 17:46:00
S008,2025-02-18 13:14:00
S008,2025-01-31 00:52:00
S008,2025-02-23 21:02:00
S008,2025-01-16 22:56:00
S008,2025-03-16 11:09:00
S008,2025-04-06 15:07:00
S008,2025-03-17 23:27:00
S008,2025-01-08 03:25:00
S008,2025-01-08 17:27:00
S008,2025-04-02 04:40:00
S008,2025-04-10 21:16:00
S008,2025-03-14 00:52:00
S008,2025-03-25 12:27:00
S008,2025-01-29 12:45:00
S008,2025-02-04 05:17:00
S008,2025-03-10 14:24:00
S008,2025-03-07 09:55:00
S008,2025-01-30 17:58:00
S008,2025-01-05 22:55:00
S008,2025-02-02 21:00:00
S008,2025-01-18 14:48:00
S008,2025-01-11 20:25:00
S008,2025-03-04 21:58:00
S008,2025-01-27 16:12:00
S008,2025-02-02 01:40:00
S008,2025-04-09 00:20:00
S008,2025-02-24 05:27:00
S009,2025-03-10 04:37:00
S009,2025-01-03 20:22:00
S009,2025-02-22 04:09:00
S009,2025-03-15 18:16:00
S009,2025-03-26 13:08:00
S009,2025-01-01 18:44:00
S009,2025-03-18 03:00:00
S009,2025-02-01 01:27:00
S009,2025-04-05 07:38:00
S009,2025-01-26 01:53:00
S009,2025-01-03 17:11:00
S009,2025-03-06 21:43:00
S009,2025-01-05 16:47:00
S009,2025-02-16 22:14:00
S009,2025-03-26 13:01:00
S009,2025-03-16 18:38:00
S009,2025-02-07 01:37:00
S009,2025-02-19 01:17:00
S009,2025-01-30 14:26:00
S009,2025-02-20 01:51:00
S009,2025-02-07 00:23:00
S009,2025-03-20 22:41:00
S009,2025-02-20 16:04:00
S009,2025-01-29 03:09:00
S009,2025-02-25 16:09:00
S009,2025-01-17 19:23:00
S010,2025-02-03 05:52:00
S010,2025-03-07 12:42:00
S010,2025-02-12 15:10:00
S010,2025-01-23 22:15:00
S010,2025-04-05 10:53:00
S010,2025-01-16 07:03:00
S010,2025-01-04 23:24:00
S010,2025-03-08 02:26:00
S010,2025-04-03 17:57:00
S010,2025-02-20 18:20:00
S010,2025-01-05 17:27:00
S010,2025-02-11 21:20:00
S010,2025-03-11 00:04:00
S010,2025-01-12 13:33:00
S011,2025-03-19 12:26:00
S011,2025-03-14 14:56:00
S011,2025-03-27 14:55:00
S011,2025-04-04 10:47:00
S011,2025-03-02 16:25:00
S011,2025-02-05 00:07:00
S011,2025-04-09 19:14:00
S011,2025-02-16 23:21:00
S011,2025-01-14 22:13:00
S011,2025-03-29 01:44:00
S011,2025-01-26 13:58:00
S011,2025-02-25 18:06:00
S011,2025-01-03 14:22:00
S011,2025-01-18 05:34:00
S011,2025-01-15 22:36:00
S011,2025-01-28 09:38:00
S011,2025-02-26 16:38:00
S011,2025-03-27 11:24:00
S011,2025-01-17 12:19:00
S011,2025-01-25 03:09:00
S011,2025-03-08 08:44:00
S011,2025-01-18 14:35:00
S011,2025-03-27 01:46:00
S011,2025-01-08 07:48:00
S011,2025-03-24 09:40:00
S011,2025-01-06 19:25:00
S012,2025-02-28 23:58:00
S012,2025-03-11 04:56:00
S012,2025-02-02 20:21:00
S012,2025-01-21 05:05:00
S012,2025-01-04 10:29:00
S012,2025-04-05 23:54:00
S012,2025-01-09 22:02:00
S012,2025-01-31 07:36:00
S012,2025-02-05 23:30:00
S012,2025-01-06 01:19:00
S012,2025-04-02 10:03:00
S013,2025-01-06 21:48:00
S013,2025-04-04 23:37:00
S013,2025-02-20 01:14:00
S013,2025-03-16 07:25:00
S013,2025-02-20 12:43:00
S013,2025-01-05 05:25:00
S013,2025-03-09 18:19:00
S013,2025-04-07 19:48:00
S013,2025-01-12 14:00:00
S013,2025-03-31 13:37:00
S013,2025-02-06 10:35:00
S013,2025-03-18 10:02:00
S013,2025-02-02 05:49:00
S013,2025-01-10 04:22:00
S013,2025-01-10 11:01:00
S013,2025-01-13 07:01:00
S013,2025-03-25 00:36:00
S013,2025-03-14 16:08:00
S013,2025-03-16 14:23:00
S013,2025-02-07 22:34:00
S013,2025-04-04 16:04:00
S013,2025-03-03 11:49:00
S013,2025-03-19 20:55:00
S013,2025-03-16 08:33:00
S014,2025-04-09 02:00:00
S014,2025-02-09 21:59:00
S014,2025-03-05 07:10:00
S014,2025-01-14 02:20:00
S014,2025-02-06 04:18:00
S014,2025-03-19 03:24:00
S014,2025-02-11 17:39:00
S014,2025-03-13 06:39:00
S014,2025-01-14 18:37:00
S014,2025-04-07 22:14:00
S014,2025-04-07 16:32:00
S014,2025-03-07 13:52:00
S014,2025-02-20 06:50:00
S014,2025-03-11 05:02:00
S014,2025-01-07 18:07:00
S014,2025-02-11 19:14:00
S014,2025-01-29 00:51:00
S014,2025-04-04 06:26:00
S014,2025-02-05 05:56:00
S014,2025-04-07 04:26:00
S014,2025-02-24 00:03:00
S015,2025-03-07 09:04:00
S015,2025-03-15 00:53:00
S015,2025-02-07 12:30:00
S015,2025-02-16 03:44:00
S015,2025-03-29 19:55:00
S015,2025-01-15 07:04:00
S015,2025-01-29 14:03:00
S015,2025-03-17 12:01:00
S015,2025-01-27 18:50:00
S015,2025-02-05 03:25:00
S015,2025-02-12 04:19:00
S015,2025-01-11 09:39:00
S015,2025-02-07 05:07:00
S015,2025-01-23 14:25:00
S015,2025-02-15 10:11:00
S015,2025-03-31 12:39:00
S015,2025-03-03 17:24:00
S015,2025-04-07 14:39:00
S015,2025-03-01 10:11:00
S015,2025-04-10 15:03:00
S015,2025-01-05 23:36:00
S015,2025-03-13 09:48:00
S015,2025-04-02 08:53:00
S015,2025-02-20 13:39:00
S015,2025-02-10 21:10:00
S015,2025-01-23 00:45:00
S015,2025-01-21 13:35:00
S015,2025-02-23 22:56:00
S015,2025-01-01 21:54:00
S015,2025-02-09 14:20:00
S015,2025-02-16 08:52:00
S016,2025-03-15 19:56:00
S016,2025-01-26 08:34:00
S016,2025-03-04 19:24:00
S016,2025-03-31 10:37:00
S016,2025-01-02 06:17:00
S016,2025-04-01 01:26:00
S016,2025-01-17 10:58:00
S016,2025-02-20 21:23:00
S016,2025-01-25 06:51:00
S016,2025-03-11 20:23:00
S016,2025-02-02 16:28:00
S016,2025-03-04 10:21:00
S016,2025-01-26 17:20:00
S016,2025-02-18 06:16:00
S016,2025-03-25 08:48:00
S016,2025-01-20 21:21:00
S016,2025-04-02 07:48:00
S016,2025-03-12 00:31:00
S017,2025-04-04 22:50:00
S017,2025-02-25 18:31:00
S017,2025-01-30 16:44:00
S017,2025-04-03 15:39:00
S017,2025-01-19 17:00:00
S017,2025-03-19 18:46:00
S017,2025-03-07 21:27:00
S017,2025-04-04 05:50:00
S017,2025-03-04 03:00:00
S017,2025-01-08 22:38:00
S017,2025-01-03 09:09:00
S017,2025-03-24 13:33:00
S017,2025-04-07 22:54:00
S017,2025-04-02 17:06:00
S017,2025-04-03 07:00:00
S017,2025-02-26 22:02:00
S017,2025-03-29 22:58:00
S017,2025-03-13 21:56:00
S017,2025-03-08 18:32:00
S017,2025-04-02 14:07:00
S017,2025-02-03 02:31:00
S017,2025-03-29 13:31:00
S018,2025-02-15 10:15:00
S018,2025-03-09 19:36:00
S018,2025-02-23 20:13:00
S018,2025-04-05 22:47:00
S018,2025-03-23 06:09:00
S018,2025-01-07 00:22:00
S018,2025-03-26 18:47:00
S018,2025-01-19 03:28:00
S018,2025-03-01 17:01:00
S018,2025-01-01 14:04:00
S018,2025-01-20 10:41:00
S018,2025-01-02 02:22:00
S018,2025-01-12 19:04:00
S018,2025-02-06 05:29:00
S018,2025-01-09 01:52:00
S018,2025-02-13 02:51:00
S018,2025-03-27 11:23:00
S018,2025-03-22 09:29:00
S018,2025-02-28 13:22:00
S018,2025-04-06 16:49:00
S018,2025-03-22 13:08:00
S018,2025-02-09 01:44:00
S018,2025-01-25 06:08:00
S018,2025-01-22 10:45:00
S018,2025-01-04 12:33:00
S018,2025-03-28 04:10:00
S018,2025-03-11 17:20:00
S018,2025-02-11 03:40:00
S018,2025-02-07 01:16:00
S018,2025-02-06 05:57:00
S018,2025-03-17 22:52:00
S018,2025-03-27 20:26:00
S018,2025-02-26 05:26:00
S019,2025-04-08 11:44:00
S019,2025-02-22 06:09:00
S019,2025-02-14 16:25:00
S019,2025-03-26 13:01:00
S019,2025-02-23 10:00:00
S019,2025-02-20 20:35:00
S019,2025-01-26 20:10:00
S019,2025-02-09 10:35:00
S019,2025-02-28 06:39:00
S019,2025-04-09 21:33:00
S019,2025-02-24 14:23:00
S019,2025-01-22 04:55:00
S019,2025-02-02 03:46:00
S019,2025-01-20 18:34:00
S019,2025-03-22 12:42:00
S019,2025-04-08 08:25:00
S019,2025-03-07 20:08:00
S020,2025-02-09 16:00:00
S020,2025-03-30 10:39:00
S020,2025-02-11 06:34:00
S020,2025-01-03 17:36:00
S020,2025-02-13 18:29:00
S020,2025-04-08 11:18:00
S020,2025-02-13 16:16:00
S020,2025-03-15 22:48:00
S020,2025-02-16 11:15:00
S020,2025-03-29 18:07:00
S020,2025-04-05 20:16:00
S020,2025-03-28 04:53:00
S020,2025-03-21 05:07:00
S020,2025-01-25 17:24:00
S020,2025-01-12 14:58:00
S020,2025-01-26 08:44:00
S020,2025-01-26 14:31:00
S020,2025-01-10 15:06:00
S021,2025-01-23 20:21:00
S021,2025-01-07 13:14:00
S021,2025-01-07 08:50:00
S021,2025-02-17 07:49:00
S021,2025-02-28 22:28:00
S021,2025-03-23 19:38:00
S021,2025-04-09 17:58:00
S021,2025-01-17 13:30:00
S021,2025-01-24 02:43:00
S021,2025-03-01 12:33:00
S021,2025-01-03 04:42:00
S021,2025-02-09 22:22:00
S021,2025-02-08 14:55:00
S021,2025-01-04 21:24:00
S021,2025-01-13 17:32:00
S021,2025-01-16 12:41:00
S021,2025-03-07 22:34:00
S021,2025-02-11 01:29:00
S021,2025-01-13 12:17:00
S021,2025-02-01 02:58:00
S021,2025-02-08 13:51:00
S021,2025-01-29 16:28:00
S021,2025-03-03 20:43:00
S021,2025-02-26 15:55:00
S021,2025-01-10 06:19:00
S021,2025-01-05 00:29:00
S022,2025-01-03 12:13:00
S022,2025-01-30 17:03:00
S022,2025-01-18 04:24:00
S022,2025-02-17 00:52:00
S022,2025-03-20 08:14:00
S022,2025-02-18 23:03:00
S022,2025-01-12 04:36:00
S022,2025-02-12 05:38:00
S022,2025-02-25 13:23:00
S022,2025-01-11 12:33:00
S022,2025-01-25 06:51:00
S022,2025-01-04 07:19:00
S022,2025-04-03 21:52:00
S022,2025-03-15 10:33:00
S022,2025-02-26 08:48:00
S022,2025-01-03 23:05:00
S022,2025-01-05 04:53:00
S022,2025-02-16 22:48:00
S022,2025-01-09 02:19:00
S022,2025-03-02 09:34:00
S022,2025-02-19 17:16:00
S022,2025-03-29 02:31:00
S022,2025-04-09 05:12:00
S022,2025-03-30 08:03:00
S022,2025-01-14 04:33:00
S022,2025-01-11 08:55:00
S023,2025-04-02 08:02:00
S023,2025-01-25 01:11:00
S023,2025-02-11 08:14:00
S023,2025-02-09 04:10:00
S023,2025-02-28 01:23:00
S023,2025-03-20 05:07:00
S023,2025-01-05 15:25:00
S023,2025-01-18 05:36:00
S023,2025-03-01 15:12:00
S023,2025-01-28 04:12:00
S023,2025-03-22 17:39:00
S023,2025-02-14 18:57:00
S024,2025-02-25 07:33:00
S024,2025-02-09 12:44:00
S024,2025-02-02 05:23:00
S024,2025-01-19 15:39:00
S024,2025-04-02 00:58:00
S024,2025-02-28 15:40:00
S024,2025-01-13 10:44:00
S024,2025-03-30 20:41:00
S024,2025-04-10 05:59:00
S024,2025-01-07 04:42:00
S024,2025-02-14 18:30:00
S024,2025-01-23 09:09:00
S025,2025-02-22 06:30:00
S025,2025-03-23 03:01:00
S025,2025-03-19 12:28:00
S025,2025-01-12 06:01:00
S025,2025-04-06 12:45:00
S025,2025-01-27 16:40:00
S025,2025-01-17 07:30:00
S025,2025-04-08 23:44:00
S025,2025-02-04 15:05:00
S025,2025-03-24 06:09:00
S025,2025-04-06 01:27:00
S025,2025-03-01 14:29:00
S025,2025-02-06 21:03:00
S025,2025-01-20 03:49:00
S025,2025-03-09 16:11:00
S025,2025-01-22 16:09:00
S025,2025-03-06 21:25:00
S025,2025-03-23 17:13:00
S025,2025-03-05 14:28:00
S025,2025-03-17 03:58:00
S026,2025-02-21 11:06:00
S026,2025-01-29 10:32:00
S026,2025-01-06 14:14:00
S026,2025-02-01 18:10:00
S026,2025-02-27 22:25:00
S026,2025-04-08 13:33:00
S026,2025-01-29 03:16:00
S026,2025-04-09 12:40:00
S026,2025-02-08 14:54:00
S026,2025-01-29 10:51:00
S026,2025-02-01 01:46:00
S026,2025-03-19 19:21:00
S027,2025-01-27 02:16:00
S027,2025-02-25 20:46:00
S027,2025-03-21 04:58:00
S027,2025-03-25 05:18:00
S027,2025-02-26 04:02:00
S027,2025-01-01 05:14:00
S027,2025-02-03 02:48:00
S027,2025-01-25 23:11:00
S027,2025-01-18 14:43:00
S027,2025-03-21 07:59:00
S027,2025-02-15 16:28:00
S027,2025-02-22 07:14:00
S027,2025-01-27 13:49:00
S027,2025-03-12 02:28:00
S027,2025-03-05 11:52:00
S027,2025-01-24 02:19:00
S027,2025-02-15 14:24:00
S027,2025-04-04 13:06:00
S027,2025-01-17 11:19:00
S027,2025-04-10 08:37:00
S028,2025-03-01 21:53:00
S028,2025-01-02 23:07:00
S028,2025-01-11 12:16:00
S028,2025-03-13 20:17:00
S028,2025-04-04 17:45:00
S028,2025-04-05 05:31:00
S028,2025-01-11 12:24:00
S028,2025-02-02 05:40:00
S028,2025-01-08 10:21:00
S028,2025-02-20 23:40:00
S028,2025-01-17 11:56:00
S028,2025-02-15 14:15:00
S028,2025-02-23 21:27:00
S028,2025-01-20 00:09:00
S028,2025-02-09 17:59:00
S028,2025-04-07 01:32:00
S028,2025-02-02 08:12:00
S028,2025-01-30 00:12:00
S028,2025-01-26 21:38:00
S028,2025-03-07 05:38:00
S028,2025-03-31 13:57:00
S028,2025-01-15 01:41:00
S028,2025-02-13 16:39:00
S028,2025-03-16 02:58:00
S028,2025-01-06 08:05:00
S029,2025-04-05 08:49:00
S029,2025-03-17 07:07:00
S029,2025-02-19 19:46:00
S029,2025-01-07 10:19:00
S029,2025-03-21 03:05:00
S029,2025-02-27 21:25:00
S029,2025-01-03 08:59:00
S029,2025-01-14 10:17:00
S029,2025-01-12 22:11:00
S029,2025-01-13 12:50:00
S029,2025-01-19 22:45:00
S029,2025-04-10 12:07:00
S029,2025-04-03 22:52:00
S029,2025-02-24 18:43:00
S029,2025-03-23 05:17:00
S029,2025-03-24 21:36:00
S029,2025-04-06 23:40:00
S029,2025-02-28 02:27:00
S030,2025-02-04 21:14:00
S030,2025-04-07 06:11:00
S030,2025-02-18 20:30:00
S030,2025-02-27 23:19:00
S030,2025-02-06 03:27:00
S030,2025-01-20 23:49:00
S030,2025-02-18 18:31:00
S030,2025-02-05 20:33:00
S030,2025-04-10 01:14:00
S030,2025-02-03 03:05:00
S030,2025-02-08 09:50:00
S030,2025-02-27 21:11:00
S030,2025-01-03 12:17:00
S030,2025-02-09 20:14:00
S030,2025-04-07 02:25:00
S030,2025-01-08 03:47:00
S030,2025-04-04 22:41:00
S030,2025-02-13 13:13:00
S030,2025-01-02 22:36:00
S031,2025-02-07 12:40:00
S031,2025-03-03 21:59:00
S031,2025-01-14 23:38:00
S031,2025-03-30 19:01:00
S031,2025-03-11 16:58:00
S031,2025-03-30 01:34:00
S031,2025-01-05 00:39:00
S031,2025-03-17 23:35:00
S031,2025-02-14 22:46:00
S031,2025-01-31 10:09:00
S031,2025-03-08 21:13:00
S031,2025-03-21 09:28:00
S031,2025-01-10 11:29:00
S031,2025-01-01 04:19:00
S032,2025-02-12 11:00:00
S032,2025-02-26 21:19:00
S032,2025-01-28 10:36:00
S032,2025-02-16 04:11:00
S032,2025-02-06 16:48:00
S032,2025-02-13 23:27:00
S032,2025-03-20 05:43:00
S032,2025-03-02 19:49:00
S032,2025-03-19 01:08:00
S032,2025-02-06 19:25:00
S032,2025-01-29 00:54:00
S032,2025-02-04 05:36:00
S032,2025-02-28 04:32:00
S032,2025-02-20 13:11:00
S032,2025-01-20 20:49:00
S032,2025-03-29 10:33:00
S032,2025-03-30 17:28:00
S033,2025-02-08 23:46:00
S033,2025-02-12 17:22:00
S033,2025-02-13 05:19:00
S033,2025-01-23 12:51:00
S033,2025-03-21 17:41:00
S033,2025-01-08 17:20:00
S033,2025-01-01 22:07:00
S033,2025-01-29 05:04:00
S033,2025-03-27 14:33:00
S033,2025-03-06 22:54:00
S033,2025-03-31 10:09:00
S033,2025-01-30 17:17:00
S033,2025-01-17 07:46:00
S033,2025-03-17 07:24:00
S033,2025-02-15 03:32:00
S033,2025-01-01 18:30:00
S033,2025-03-21 13:52:00
S033,2025-02-17 04:40:00
S033,2025-03-31 01:49:00
S033,2025-03-05 05:08:00
S033,2025-02-02 08:24:00
S033,2025-02-17 12:08:00
S033,2025-03-18 08:10:00
S033,2025-03-09 01:37:00
S033,2025-01-04 05:18:00
S033,2025-03-11 01:17:00
S033,2025-01-13 08:22:00
S033,2025-03-24 12:10:00
S033,2025-01-01 23:53:00
S033,2025-03-12 20:14:00
S033,2025-03-06 11:57:00
S033,2025-03-12 14:20:00
S033,2025-01-19 00:48:00
S033,2025-04-06 16:34:00
S034,2025-03-31 10:34:00
S034,2025-03-13 13:13:00
S034,2025-03-15 01:45:00
S034,2025-01-09 02:20:00
S034,2025-01-26 07:47:00
S034,2025-03-07 05:27:00
S034,2025-04-03 11:04:00
S034,2025-04-08 15:36:00
S034,2025-03-20 11:35:00
S034,2025-01-15 10:47:00
S034,2025-03-28 05:45:00
S034,2025-02-12 12:20:00
S034,2025-01-23 10:54:00
S034,2025-03-21 14:52:00
S034,2025-01-15 03:10:00
S034,2025-02-20 14:03:00
S034,2025-01-21 12:21:00
S034,2025-01-19 01:13:00
S034,2025-03-09 15:52:00
S034,2025-02-21 13:26:00
S034,2025-01-29 14:27:00
S035,2025-01-08 15:41:00
S035,2025-02-05 17:01:00
S035,2025-02-18 12:03:00
S035,2025-03-31 10:06:00
S035,2025-04-05 11:09:00
S035,2025-02-08 12:30:00
S035,2025-03-12 23:48:00
S035,2025-02-11 09:55:00
S035,2025-02-05 19:03:00
S035,2025-01-07 21:00:00
S035,2025-02-13 23:44:00
S035,2025-02-16 12:54:00
S036,2025-01-21 21:27:00
S036,2025-01-09 08:14:00
S036,2025-01-10 23:57:00
S036,2025-02-11 07:23:00
S036,2025-03-21 16:25:00
S036,2025-04-01 04:03:00
S036,2025-02-19 23:18:00
S036,2025-04-10 06:09:00
S036,2025-03-30 17:18:00
S036,2025-02-05 09:32:00
S036,2025-02-24 17:04:00
S036,2025-02-16 16:34:00
S036,2025-04-08 00:54:00
S036,2025-01-21 16:21:00
S036,2025-02-17 04:14:00
S036,2025-02-04 06:31:00
S036,2025-01-11 09:08:00
S036,2025-03-19 12:56:00
S036,2025-01-25 01:34:00
S036,2025-01-07 20:17:00
S036,2025-03-08 09:53:00
S036,2025-02-08 08:48:00
S036,2025-03-16 06:23:00
S036,2025-03-01 13:18:00
S036,2025-03-09 05:41:00
S036,2025-02-01 06:44:00
S036,2025-02-05 07:36:00
S036,2025-04-07 03:02:00
S036,2025-03-14 07:32:00
S036,2025-03-11 08:38:00
S036,2025-03-09 12:48:00
S037,2025-01-02 04:43:00
S037,2025-01-27 20:07:00
S037,2025-03-13 17:02:00
S037,2025-02-13 02:21:00
S037,2025-03-11 01:22:00
S037,2025-02-13 01:37:00
S037,2025-03-22 02:33:00
S037,2025-03-28 19:07:00
S037,2025-01-22 11:57:00
S037,2025-02-05 04:12:00
S037,2025-04-03 14:56:00
S037,2025-02-24 15:41:00
S037,2025-03-03 22:15:00
S037,2025-01-12 16:15:00
S037,2025-01-12 07:19:00
S037,2025-01-03 15:29:00
S037,2025-01-23 18:39:00
S037,2025-01-05 19:39:00
S037,2025-03-06 20:19:00
S037,2025-03-11 21:17:00
S037,2025-03-13 06:31:00
S037,2025-02-02 20:15:00
S037,2025-03-17 05:51:00
S037,2025-04-08 13:35:00
S037,2025-04-07 22:49:00
S037,2025-03-07 08:20:00
S037,2025-01-02 08:00:00
S037,2025-03-16 02:51:00
S037,2025-03-03 22:25:00
S037,2025-03-09 17:54:00
S037,2025-01-06 02:21:00
S037,2025-02-12 14:21:00
S037,2025-03-01 04:51:00
S037,2025-01-12 14:48:00
S037,2025-02-11 05:17:00
S037,2025-02-14 02:29:00
S037,2025-03-29 09:29:00
S038,2025-01-06 02:15:00
S038,2025-01-07 19:13:00
S038,2025-03-14 14:20:00
S038,2025-02-04 01:26:00
S038,2025-01-02 02:17:00
S038,2025-03-19 19:17:00
S038,2025-01-10 01:24:00
S038,2025-02-23 00:35:00
S038,2025-04-05 13:00:00
S038,2025-03-21 21:45:00
S038,2025-02-21 02:34:00
S038,2025-02-10 05:24:00
S038,2025-01-13 20:33:00
S038,2025-01-08 20:33:00
S038,2025-03-09 14:03:00
S038,2025-02-14 11:31:00
S038,2025-04-06 12:30:00
S038,2025-03-19 19:17:00
S038,2025-04-03 05:31:00
S038,2025-04-03 10:01:00
S038,2025-03-01 22:18:00
S038,2025-01-31 18:04:00
S038,2025-03-24 01:09:00
S039,2025-01-02 10:49:00
S039,2025-01-31 23:14:00
S039,2025-03-14 22:18:00
S039,2025-01-09 02:20:00
S039,2025-03-14 13:50:00
S039,2025-01-07 15:15:00
S039,2025-04-07 03:03:00
S039,2025-02-09 16:36:00
S039,2025-02-21 19:35:00
S039,2025-02-07 06:49:00
S039,2025-03-04 04:51:00
S039,2025-03-04 02:06:00
S039,2025-01-27 21:13:00
S039,2025-03-12 04:21:00
S039,2025-01-05 22:01:00
S039,2025-03-03 20:53:00
S039,2025-03-20 20:09:00
S039,2025-03-28 23:38:00
S039,2025-01-05 00:12:00
S039,2025-03-26 17:44:00
S039,2025-03-26 20:17:00
S039,2025-02-14 03:16:00
S039,2025-04-09 16:59:00
S039,2025-01-11 20:51:00
S039,2025-02-24 20:25:00
S039,2025-03-09 01:51:00
S039,2025-03-23 07:34:00
S039,2025-04-03 19:28:00
S039,2025-02-07 09:20:00
S039,2025-02-11 12:48:00
S039,2025-03-05 16:55:00
S039,2025-01-09 08:00:00
S039,2025-01-02 15:28:00
S039,2025-04-07 09:49:00
S040,2025-03-01 07:20:00
S040,2025-01-28 10:54:00
S040,2025-02-03 07:58:00
S040,2025-03-27 07:48:00
S040,2025-03-20 16:59:00
S040,2025-03-28 23:44:00
S040,2025-03-24 04:31:00
S040,2025-02-13 00:22:00
S040,2025-01-08 12:07:00
S040,2025-03-28 10:00:00
S040,2025-02-20 23:34:00
S040,2025-01-24 16:04:00
S040,2025-01-20 20:39:00
S040,2025-02-27 13:35:00
S040,2025-01-11 19:14:00
S040,2025-03-24 06:50:00
S040,2025-01-28 18:42:00
S040,2025-02-27 04:04:00
S040,2025-04-04 21:31:00
S040,2025-01-08 09:37:00
S040,2025-04-06 15:27:00
S040,2025-03-22 07:39:00
S040,2025-01-25 08:01:00
S040,2025-03-20 17:02:00
S040,2025-02-18 03:03:00
S040,2025-03-19 08:40:00
S040,2025-03-30 22:49:00
S040,2025-01-10 20:35:00
S040,2025-01-12 07:01:00
S040,2025-01-13 20:31:00
S040,2025-04-05 15:31:00
S040,2025-02-01 01:10:00
S040,2025-01-10 14:16:00
S040,2025-02-09 17:54:00
S040,2025-03-14 07:58:00
S041,2025-03-30 17:21:00
S041,2025-01-30 19:20:00
S041,2025-02-13 18:45:00
S041,2025-01-21 02:57:00
S041,2025-02-01 22:38:00
S041,2025-01-12 08:46:00
S041,2025-01-18 20:12:00
S041,2025-01-21 07:45:00
S041,2025-01-07 22:43:00
S041,2025-04-06 10:21:00
S041,2025-01-22 10:24:00
S041,2025-01-22 12:17:00
S041,2025-01-02 20:14:00
S041,2025-02-21 17:30:00
S041,2025-03-20 18:22:00
S041,2025-03-29 11:12:00
S041,2025-01-22 10:36:00
S041,2025-03-02 00:55:00
S041,2025-01-03 21:18:00
S041,2025-01-23 06:43:00
S041,2025-01-25 04:46:00
S041,2025-01-08 09:57:00
S041,2025-01-16 07:00:00
S042,2025-01-05 02:00:00
S042,2025-01-04 07:34:00
S042,2025-04-06 09:33:00
S042,2025-03-30 09:20:00
S042,2025-02-15 06:26:00
S042,2025-01-27 01:40:00
S042,2025-01-13 08:51:00
S042,2025-02-05 21:41:00
S042,2025-03-31 21:11:00
S042,2025-03-22 13:13:00
S042,2025-02-03 20:56:00
S042,2025-01-20 10:15:00
S042,2025-04-05 22:05:00
S042,2025-02-25 18:36:00
S042,2025-02-27 03:46:00
S042,2025-01-04 19:09:00
S042,2025-01-24 21:34:00
S042,2025-01-26 04:37:00
S042,2025-03-26 21:39:00
S042,2025-01-21 09:37:00
S042,2025-02-15 03:59:00
S043,2025-02-14 19:16:00
S043,2025-03-12 03:28:00
S043,2025-01-14 02:23:00
S043,2025-03-21 22:51:00
S043,2025-01-04 23:23:00
S043,2025-02-03 17:18:00
S043,2025-01-31 18:48:00
S043,2025-03-04 13:18:00
S043,2025-01-22 23:44:00
S043,2025-03-17 05:52:00
S043,2025-01-31 03:18:00
S043,2025-02-17 12:35:00
S043,2025-04-04 22:48:00
S043,2025-02-24 00:17:00
S043,2025-03-04 19:48:00
S043,2025-04-02 14:10:00
S043,2025-02-26 21:44:00
S043,2025-02-02 16:05:00
S043,2025-01-04 19:47:00
S043,2025-02-16 14:05:00
S043,2025-02-16 13:59:00
S043,2025-03-16 06:08:00
S043,2025-03-31 15:04:00
S043,2025-03-02 09:49:00
S043,2025-01-03 12:42:00
S043,2025-04-04 21:44:00
S043,2025-03-11 16:58:00
S043,2025-02-20 20:18:00
S043,2025-02-11 02:45:00
S043,2025-01-26 18:04:00
S043,2025-04-03 04:19:00
S043,2025-02-18 20:09:00
S043,2025-03-05 04:35:00
S043,2025-03-11 03:38:00
S044,2025-02-04 00:23:00
S044,2025-02-26 03:05:00
S044,2025-02-10 21:45:00
S044,2025-03-01 11:59:00
S044,2025-02-26 19:23:00
S044,2025-03-30 03:20:00
S044,2025-01-30 23:43:00
S044,2025-01-30 21:27:00
S044,2025-01-07 02:54:00
S044,2025-04-02 13:55:00
S044,2025-01-10 15:15:00
S044,2025-02-23 09:24:00
S044,2025-03-18 05:43:00
S044,2025-03-14 12:35:00
S044,2025-02-25 10:19:00
S044,2025-03-23 10:56:00
S045,2025-03-09 17:32:00
S045,2025-04-01 06:05:00
S045,2025-01-15 17:31:00
S045,2025-03-16 19:23:00
S045,2025-01-15 15:06:00
S045,2025-01-21 09:25:00
S045,2025-01-14 04:57:00
S045,2025-01-21 17:04:00
S045,2025-01-03 22:25:00
S045,2025-02-06 23:48:00
S045,2025-01-19 18:24:00
S045,2025-03-26 11:56:00
S045,2025-03-02 08:32:00
S045,2025-02-19 20:03:00
S045,2025-03-12 21:54:00
S045,2025-02-02 16:23:00
S045,2025-03-02 01:27:00
S045,2025-02-27 10:40:00
S045,2025-02-08 21:48:00
S045,2025-01-17 01:05:00
S045,2025-03-11 01:00:00
S045,2025-03-15 20:04:00
S045,2025-01-02 21:47:00
S045,2025-02-26 01:09:00
S045,2025-04-08 15:47:00
S045,2025-02-20 06:21:00
S045,2025-03-17 23:46:00
S045,2025-02-09 05:59:00
S045,2025-02-28 09:34:00
S045,2025-03-05 18:48:00
S046,2025-01-21 19:25:00
S046,2025-03-09 13:51:00
S046,2025-03-27 14:55:00
S046,2025-03-26 14:21:00
S046,2025-04-02 13:26:00
S046,2025-02-09 16:01:00
S046,2025-01-25 23:02:00
S046,2025-03-13 11:32:00
S046,2025-02-11 19:34:00
S046,2025-01-06 06:51:00
S046,2025-01-23 17:42:00
S046,2025-01-19 04:50:00
S046,2025-01-11 23:11:00
S046,2025-03-15 07:23:00
S046,2025-04-02 08:35:00
S046,2025-03-26 07:54:00
S047,2025-02-16 14:47:00
S047,2025-03-23 09:59:00
S047,2025-03-25 05:11:00
S047,2025-01-02 06:15:00
S047,2025-01-03 12:02:00
S047,2025-01-27 17:42:00
S047,2025-02-09 05:32:00
S047,2025-04-02 00:54:00
S047,2025-01-08 04:31:00
S047,2025-02-17 10:36:00
S047,2025-01-04 05:45:00
S047,2025-01-19 08:11:00
S047,2025-01-11 13:54:00
S047,2025-01-16 00:44:00
S047,2025-01-21 12:33:00
S047,2025-01-04 05:57:00
S047,2025-04-05 22:26:00
S047,2025-03-10 02:32:00
S048,2025-01-25 19:33:00
S048,2025-01-26 04:34:00
S048,2025-03-02 08:51:00
S048,2025-02-19 05:18:00
S048,2025-03-01 11:56:00
S048,2025-01-11 01:46:00
S048,2025-03-14 20:23:00
S048,2025-04-08 21:02:00
S048,2025-03-17 15:20:00
S048,2025-01-28 23:25:00
S048,2025-03-03 00:20:00
S048,2025-02-04 19:33:00
S048,2025-02-10 18:46:00
S049,2025-02-27 10:56:00
S049,2025-01-23 15:21:00
S049,2025-01-17 04:43:00
S049,2025-01-11 14:26:00
S049,2025-02-04 00:19:00
S049,2025-01-16 01:01:00
S049,2025-04-09 07:55:00
S049,2025-01-28 14:38:00
S049,2025-03-11 08:19:00
S049,2025-01-01 07:54:00
S049,2025-03-28 02:03:00
S049,2025-02-27 14:37:00
S049,2025-01-15 20:34:00
S049,2025-02-26 20:52:00
S049,2025-02-15 19:13:00
S049,2025-04-10 11:16:00
S049,2025-02-08 08:34:00
S049,2025-03-18 14:17:00
S049,2025-04-07 05:58:00
S049,2025-04-01 22:58:00
S049,2025-04-01 01:55:00
S049,2025-02-15 05:13:00
S049,2025-04-10 20:07:00
S049,2025-03-03 02:18:00
S049,2025-01-30 13:58:00
S049,2025-03-25 16:24:00
S049,2025-02-09 23:13:00
S050,2025-03-28 21:47:00
S050,2025-03-24 13:50:00
S050,2025-01-03 09:18:00
S050,2025-03-14 19:44:00
S050,2025-03-12 13:08:00
S050,2025-01-19 14:51:00
S050,2025-01-14 23:37:00
S050,2025-02-22 03:39:00
S050,2025-03-22 08:32:00
S050,2025-02-21 13:10:00
S050,2025-02-22 02:40:00
S050,2025-02-28 13:29:00
S050,2025-02-10 03:58:00
S050,2025-03-09 07:01:00
S050,2025-03-27 08:55:00
S050,2025-02-24 15:28:00
S050,2025-03-03 16:47:00
S050,2025-01-30 11:34:00
S050,2025-01-11 13:49:00
S050,2025-03-26 20:04:00
S050,2025-02-17 19:36:00
S050,2025-03-08 11:32:00
S050,2025-03-14 08:03:00
S050,2025-02-04 16:33:00
S050,2025-03-29 00:07:00
S050,2025-02-14 22:46:00
S050,2025-02-09 11:53:00
S050,2025-03-17 13:46:00
S050,2025-01-15 08:18:00
S050,2025-01-26 19:28:00
S050,2025-01-22 07:20:00
S050,2025-02-20 05:19:00
S050,2025-01-29 18:03:00
S050,2025-02-24 06:27:00
S050,2025-01-28 03:21:00
